,cycle,species,biomass
0,40,Pseudomonas_phenolilytica,1.744021695
1,40,Mariniplasma_anaerobium,0.981694012
2,40,Mariniphaga_anaerophila,30.58209475
3,40,Methanosarcina_acetivorans,0.948878729
4,40,Methanobacterium_formicicum,0.950387015
5,40,Dielma_fastidiosa,5.243157145
6,40,Tepidimonas_charontis,0.948878729
7,40,Gudongella_oleilytica,3.660557951
8,40,Dechloromonas_aromatica,0.95083839
9,40,Longilinea_sp.,0.980586893
10,40,Hydrogenophaga_aromaticivorans,6.318876987
11,40,Petrimonas_mucosa,0.959301722
12,40,Neobacillus_niacini,17.25752151
13,40,Clostridium_fungisolvens,28.47320446
14,41,Pseudomonas_phenolilytica,1.72450378
15,41,Mariniplasma_anaerobium,1.013729098
16,41,Mariniphaga_anaerophila,30.5369009
17,41,Methanosarcina_acetivorans,0.969729381
18,41,Methanobacterium_formicicum,0.972605882
19,41,Dielma_fastidiosa,5.290386801
20,41,Tepidimonas_charontis,0.97296209
21,41,Gudongella_oleilytica,3.742254917
22,41,Dechloromonas_aromatica,0.926392627
23,41,Longilinea_sp.,1.013078248
24,41,Hydrogenophaga_aromaticivorans,5.876909336
25,41,Petrimonas_mucosa,0.985013562
26,41,Neobacillus_niacini,16.73904321
27,41,Clostridium_fungisolvens,29.23649017
28,42,Pseudomonas_phenolilytica,1.703064506
29,42,Mariniplasma_anaerobium,1.063314383
30,42,Mariniphaga_anaerophila,30.456183
31,42,Methanosarcina_acetivorans,0.993056482
32,42,Methanobacterium_formicicum,0.99610863
33,42,Dielma_fastidiosa,5.329934671
34,42,Tepidimonas_charontis,1.004091679
35,42,Gudongella_oleilytica,3.828827118
36,42,Dechloromonas_aromatica,0.902097337
37,42,Longilinea_sp.,1.061663076
38,42,Hydrogenophaga_aromaticivorans,5.459448775
39,42,Petrimonas_mucosa,1.013420345
40,42,Neobacillus_niacini,16.21408931
41,42,Clostridium_fungisolvens,29.97470068
42,43,Pseudomonas_phenolilytica,1.681202046
43,43,Mariniplasma_anaerobium,1.119630089
44,43,Mariniphaga_anaerophila,30.3544069
45,43,Methanosarcina_acetivorans,1.020213757
46,43,Methanobacterium_formicicum,1.021767436
47,43,Dielma_fastidiosa,5.366101973
48,43,Tepidimonas_charontis,1.043745849
49,43,Gudongella_oleilytica,3.923183658
50,43,Dechloromonas_aromatica,0.878814924
51,43,Longilinea_sp.,1.115997418
52,43,Hydrogenophaga_aromaticivorans,5.069187426
53,43,Petrimonas_mucosa,1.041657006
54,43,Neobacillus_niacini,15.69523692
55,43,Clostridium_fungisolvens,30.6688546
56,44,Pseudomonas_phenolilytica,1.65910975
57,44,Mariniplasma_anaerobium,1.179875594
58,44,Mariniphaga_anaerophila,30.23059578
59,44,Methanosarcina_acetivorans,1.051257323
60,44,Methanobacterium_formicicum,1.049637813
61,44,Dielma_fastidiosa,5.399420488
62,44,Tepidimonas_charontis,1.092411926
63,44,Gudongella_oleilytica,4.025891406
64,44,Dechloromonas_aromatica,0.856521349
65,44,Longilinea_sp.,1.174199867
66,44,Hydrogenophaga_aromaticivorans,4.703535012
67,44,Petrimonas_mucosa,1.068923608
68,44,Neobacillus_niacini,15.18435565
69,44,Clostridium_fungisolvens,31.32426443
70,45,Pseudomonas_phenolilytica,1.63671361
71,45,Mariniplasma_anaerobium,1.243161383
72,45,Mariniphaga_anaerophila,30.08448578
73,45,Methanosarcina_acetivorans,1.08602961
74,45,Methanobacterium_formicicum,1.079663982
75,45,Dielma_fastidiosa,5.429798046
76,45,Tepidimonas_charontis,1.150323689
77,45,Gudongella_oleilytica,4.136976932
78,45,Dechloromonas_aromatica,0.835044107
79,45,Longilinea_sp.,1.236140807
80,45,Hydrogenophaga_aromaticivorans,4.361011735
81,45,Petrimonas_mucosa,1.095246529
82,45,Neobacillus_niacini,14.68179111
83,45,Clostridium_fungisolvens,31.94361268
84,46,Pseudomonas_phenolilytica,1.613935582
85,46,Mariniplasma_anaerobium,1.3100206
86,46,Mariniphaga_anaerophila,29.91907159
87,46,Methanosarcina_acetivorans,1.122054125
88,46,Methanobacterium_formicicum,1.11198333
89,46,Dielma_fastidiosa,5.457517223
90,46,Tepidimonas_charontis,1.215071002
91,46,Gudongella_oleilytica,4.256533955
92,46,Dechloromonas_aromatica,0.813701919
93,46,Longilinea_sp.,1.301108562
94,46,Hydrogenophaga_aromaticivorans,4.040734516
95,46,Petrimonas_mucosa,1.120882376
96,46,Neobacillus_niacini,14.18885039
97,46,Clostridium_fungisolvens,32.52853483
98,47,Pseudomonas_phenolilytica,1.590729821
99,47,Mariniplasma_anaerobium,1.381521624
100,47,Mariniphaga_anaerophila,29.73441379
101,47,Methanosarcina_acetivorans,1.159313853
102,47,Methanobacterium_formicicum,1.146511344
103,47,Dielma_fastidiosa,5.482348964
104,47,Tepidimonas_charontis,1.287138903
105,47,Gudongella_oleilytica,4.384401814
106,47,Dechloromonas_aromatica,0.792483118
107,47,Longilinea_sp.,1.36991123
108,47,Hydrogenophaga_aromaticivorans,3.741435806
109,47,Petrimonas_mucosa,1.145997009
110,47,Neobacillus_niacini,13.70535841
111,47,Clostridium_fungisolvens,33.07843431
112,48,Pseudomonas_phenolilytica,1.566984628
113,48,Mariniplasma_anaerobium,1.458643404
114,48,Mariniphaga_anaerophila,29.52913065
115,48,Methanosarcina_acetivorans,1.197752107
116,48,Methanobacterium_formicicum,1.183130119
117,48,Dielma_fastidiosa,5.503800801
118,48,Tepidimonas_charontis,1.366992728
119,48,Gudongella_oleilytica,4.520144959
120,48,Dechloromonas_aromatica,0.773636893
121,48,Longilinea_sp.,1.443257854
122,48,Hydrogenophaga_aromaticivorans,3.462774594
123,48,Petrimonas_mucosa,1.170670596
124,48,Neobacillus_niacini,13.23074603
125,48,Clostridium_fungisolvens,33.59233464
126,49,Pseudomonas_phenolilytica,1.542729513
127,49,Mariniplasma_anaerobium,1.54235663
128,49,Mariniphaga_anaerophila,29.30416585
129,49,Methanosarcina_acetivorans,1.237191132
130,49,Methanobacterium_formicicum,1.221815231
131,49,Dielma_fastidiosa,5.521818205
132,49,Tepidimonas_charontis,1.455110875
133,49,Gudongella_oleilytica,4.663466168
134,49,Dechloromonas_aromatica,0.754742203
135,49,Longilinea_sp.,1.521908717
136,49,Hydrogenophaga_aromaticivorans,3.202504222
137,49,Petrimonas_mucosa,1.195033225
138,49,Neobacillus_niacini,12.76533538
139,49,Clostridium_fungisolvens,34.07182264
140,50,Pseudomonas_phenolilytica,1.517953724
141,50,Mariniplasma_anaerobium,1.633559522
142,50,Mariniphaga_anaerophila,29.0596924
143,50,Methanosarcina_acetivorans,1.277326954
144,50,Methanobacterium_formicicum,1.262472676
145,50,Dielma_fastidiosa,5.536229353
146,50,Tepidimonas_charontis,1.552010456
147,50,Gudongella_oleilytica,4.813862835
148,50,Dechloromonas_aromatica,0.73575429
149,50,Longilinea_sp.,1.606460459
150,50,Hydrogenophaga_aromaticivorans,2.959582
151,50,Petrimonas_mucosa,1.21912777
152,50,Neobacillus_niacini,12.30861071
153,50,Clostridium_fungisolvens,34.51735685
154,51,Pseudomonas_phenolilytica,1.492635703
155,51,Mariniplasma_anaerobium,1.733079045
156,51,Mariniphaga_anaerophila,28.79564755
157,51,Methanosarcina_acetivorans,1.318039931
158,51,Methanobacterium_formicicum,1.305046696
159,51,Dielma_fastidiosa,5.546827259
160,51,Tepidimonas_charontis,1.65821001
161,51,Gudongella_oleilytica,4.970696092
162,51,Dechloromonas_aromatica,0.716688603
163,51,Longilinea_sp.,1.697400453
164,51,Hydrogenophaga_aromaticivorans,2.732986594
165,51,Petrimonas_mucosa,1.242978387
166,51,Neobacillus_niacini,11.86090752
167,51,Clostridium_fungisolvens,34.92885616
168,52,Pseudomonas_phenolilytica,1.466783764
169,52,Mariniplasma_anaerobium,1.841740789
170,52,Mariniphaga_anaerophila,28.51244155
171,52,Methanosarcina_acetivorans,1.359221788
172,52,Methanobacterium_formicicum,1.349463745
173,52,Dielma_fastidiosa,5.553505418
174,52,Tepidimonas_charontis,1.774241342
175,52,Gudongella_oleilytica,5.13331558
176,52,Dechloromonas_aromatica,0.697570624
177,52,Longilinea_sp.,1.795182867
178,52,Hydrogenophaga_aromaticivorans,2.521787608
179,52,Petrimonas_mucosa,1.266604573
180,52,Neobacillus_niacini,11.42153018
181,52,Clostridium_fungisolvens,35.30661017
182,53,Pseudomonas_phenolilytica,1.44038986
183,53,Mariniplasma_anaerobium,1.960296162
184,53,Mariniphaga_anaerophila,28.21012259
185,53,Methanosarcina_acetivorans,1.400738101
186,53,Methanobacterium_formicicum,1.395621673
187,53,Dielma_fastidiosa,5.556093774
188,53,Tepidimonas_charontis,1.900674093
189,53,Gudongella_oleilytica,5.300928245
190,53,Dechloromonas_aromatica,0.6784178
191,53,Longilinea_sp.,1.900129434
192,53,Hydrogenophaga_aromaticivorans,2.325063663
193,53,Petrimonas_mucosa,1.289992148
194,53,Neobacillus_niacini,10.99116204
195,53,Clostridium_fungisolvens,35.65037042
196,54,Pseudomonas_phenolilytica,1.413457375
197,54,Mariniplasma_anaerobium,2.089657297
198,54,Mariniphaga_anaerophila,27.88896101
199,54,Methanosarcina_acetivorans,1.442449889
200,54,Methanobacterium_formicicum,1.443453361
201,54,Dielma_fastidiosa,5.554456484
202,54,Tepidimonas_charontis,2.038019855
203,54,Gudongella_oleilytica,5.472665592
204,54,Dechloromonas_aromatica,0.659248387
205,54,Longilinea_sp.,2.012678092
206,54,Hydrogenophaga_aromaticivorans,2.141953375
207,54,Petrimonas_mucosa,1.313087345
208,54,Neobacillus_niacini,10.56958236
209,54,Clostridium_fungisolvens,35.96032957
210,55,Pseudomonas_phenolilytica,1.385906268
211,55,Mariniplasma_anaerobium,2.230535983
212,55,Mariniphaga_anaerophila,27.54750429
213,55,Methanosarcina_acetivorans,1.484119704
214,55,Methanobacterium_formicicum,1.492714075
215,55,Dielma_fastidiosa,5.548119701
216,55,Tepidimonas_charontis,2.186632297
217,55,Gudongella_oleilytica,5.647212686
218,55,Dechloromonas_aromatica,0.641654034
219,55,Longilinea_sp.,2.133016911
220,55,Hydrogenophaga_aromaticivorans,1.97648375
221,55,Petrimonas_mucosa,1.335717054
222,55,Neobacillus_niacini,10.15616993
223,55,Clostridium_fungisolvens,36.23421331
224,56,Pseudomonas_phenolilytica,1.357903482
225,56,Mariniplasma_anaerobium,2.383787559
226,56,Mariniphaga_anaerophila,27.18837358
227,56,Methanosarcina_acetivorans,1.525717265
228,56,Methanobacterium_formicicum,1.543376521
229,56,Dielma_fastidiosa,5.537442974
230,56,Tepidimonas_charontis,2.347141677
231,56,Gudongella_oleilytica,5.82398759
232,56,Dechloromonas_aromatica,0.6240292
233,56,Longilinea_sp.,2.261499604
234,56,Hydrogenophaga_aromaticivorans,1.822315525
235,56,Petrimonas_mucosa,1.357864021
236,56,Neobacillus_niacini,9.751685842
237,56,Clostridium_fungisolvens,36.47487516
238,57,Pseudomonas_phenolilytica,1.329483436
239,57,Mariniplasma_anaerobium,2.549882389
240,57,Mariniphaga_anaerophila,26.81237183
241,57,Methanosarcina_acetivorans,1.567229256
242,57,Methanobacterium_formicicum,1.595512032
243,57,Dielma_fastidiosa,5.522451011
244,57,Tepidimonas_charontis,2.520162711
245,57,Gudongella_oleilytica,6.00227187
246,57,Dechloromonas_aromatica,0.606402613
247,57,Longilinea_sp.,2.398175778
248,57,Hydrogenophaga_aromaticivorans,1.678804516
249,57,Petrimonas_mucosa,1.378221252
250,57,Neobacillus_niacini,9.356767083
251,57,Clostridium_fungisolvens,36.68226422
252,58,Pseudomonas_phenolilytica,1.300691291
253,58,Mariniplasma_anaerobium,2.729413266
254,58,Mariniphaga_anaerophila,26.4203264
255,58,Methanosarcina_acetivorans,1.608615514
256,58,Methanobacterium_formicicum,1.649190225
257,58,Dielma_fastidiosa,5.503180021
258,58,Tepidimonas_charontis,2.706291629
259,58,Gudongella_oleilytica,6.181314534
260,58,Dechloromonas_aromatica,0.588801567
261,58,Longilinea_sp.,2.54294073
262,58,Hydrogenophaga_aromaticivorans,1.545331749
263,58,Petrimonas_mucosa,1.396492172
264,58,Neobacillus_niacini,8.971092757
265,58,Clostridium_fungisolvens,36.85631814
266,59,Pseudomonas_phenolilytica,1.271578925
267,59,Mariniplasma_anaerobium,2.922257206
268,59,Mariniphaga_anaerophila,26.01329098
269,59,Methanosarcina_acetivorans,1.649783861
270,59,Methanobacterium_formicicum,1.704337888
271,59,Dielma_fastidiosa,5.479709641
272,59,Tepidimonas_charontis,2.90603439
273,59,Gudongella_oleilytica,6.360158435
274,59,Dechloromonas_aromatica,0.571256994
275,59,Longilinea_sp.,2.695483239
276,59,Hydrogenophaga_aromaticivorans,1.421315603
277,59,Petrimonas_mucosa,1.412677351
278,59,Neobacillus_niacini,8.594891611
279,59,Clostridium_fungisolvens,36.99722388
280,60,Pseudomonas_phenolilytica,1.242216455
281,60,Mariniplasma_anaerobium,3.127322779
282,60,Mariniphaga_anaerophila,25.59269318
283,60,Methanosarcina_acetivorans,1.69065497
284,60,Methanobacterium_formicicum,1.760818017
285,60,Dielma_fastidiosa,5.452202411
286,60,Tepidimonas_charontis,3.119850806
287,60,Gudongella_oleilytica,6.537844257
288,60,Dechloromonas_aromatica,0.553806117
289,60,Longilinea_sp.,2.855515622
290,60,Hydrogenophaga_aromaticivorans,1.306215864
291,60,Petrimonas_mucosa,1.426787531
292,60,Neobacillus_niacini,8.228228261
293,60,Clostridium_fungisolvens,37.10584373
294,61,Pseudomonas_phenolilytica,1.21265546
295,61,Mariniplasma_anaerobium,3.34403257
296,61,Mariniphaga_anaerophila,25.15963806
297,61,Methanosarcina_acetivorans,1.731116416
298,61,Methanobacterium_formicicum,1.818578855
299,61,Dielma_fastidiosa,5.420755783
300,61,Tepidimonas_charontis,3.348100413
301,61,Gudongella_oleilytica,6.713324336
302,61,Dechloromonas_aromatica,0.536477119
303,61,Longilinea_sp.,3.022572321
304,61,Hydrogenophaga_aromaticivorans,1.199493632
305,61,Petrimonas_mucosa,1.438859085
306,61,Neobacillus_niacini,7.871766055
307,61,Clostridium_fungisolvens,37.1826299
308,62,Pseudomonas_phenolilytica,1.182965384
309,62,Mariniplasma_anaerobium,3.572194847
310,62,Mariniphaga_anaerophila,24.71544998
311,62,Methanosarcina_acetivorans,1.771106263
312,62,Methanobacterium_formicicum,1.877525345
313,62,Dielma_fastidiosa,5.385538175
314,62,Tepidimonas_charontis,3.591046296
315,62,Gudongella_oleilytica,6.885616998
316,62,Dechloromonas_aromatica,0.519301247
317,62,Longilinea_sp.,3.196131848
318,62,Hydrogenophaga_aromaticivorans,1.100637508
319,62,Petrimonas_mucosa,1.448875672
320,62,Neobacillus_niacini,7.525434517
321,62,Clostridium_fungisolvens,37.22817592
322,63,Pseudomonas_phenolilytica,1.153211411
323,63,Mariniplasma_anaerobium,3.811506542
324,63,Mariniphaga_anaerophila,24.26142148
325,63,Methanosarcina_acetivorans,1.810550471
326,63,Methanobacterium_formicicum,1.937557639
327,63,Dielma_fastidiosa,5.34672169
328,63,Tepidimonas_charontis,3.848835435
329,63,Gudongella_oleilytica,7.053706744
330,63,Dechloromonas_aromatica,0.50230769
331,63,Longilinea_sp.,3.375534254
332,63,Hydrogenophaga_aromaticivorans,1.009156955
333,63,Petrimonas_mucosa,1.456858414
334,63,Neobacillus_niacini,7.189376641
335,63,Clostridium_fungisolvens,37.24325463
336,64,Pseudomonas_phenolilytica,1.123450729
337,64,Mariniplasma_anaerobium,4.061391136
338,64,Mariniphaga_anaerophila,23.79880393
339,64,Methanosarcina_acetivorans,1.849382023
340,64,Methanobacterium_formicicum,1.998589907
341,64,Dielma_fastidiosa,5.304476701
342,64,Tepidimonas_charontis,4.121543677
343,64,Gudongella_oleilytica,7.216599593
344,64,Dechloromonas_aromatica,0.485523393
345,64,Longilinea_sp.,3.559826859
346,64,Hydrogenophaga_aromaticivorans,0.925062832
347,64,Petrimonas_mucosa,1.462826534
348,64,Neobacillus_niacini,6.863696616
349,64,Clostridium_fungisolvens,37.22882608
350,65,Pseudomonas_phenolilytica,1.093775913
351,65,Mariniplasma_anaerobium,4.320832096
352,65,Mariniphaga_anaerophila,23.32924722
353,65,Methanosarcina_acetivorans,1.887574636
354,65,Methanobacterium_formicicum,2.060536637
355,65,Dielma_fastidiosa,5.259070725
356,65,Tepidimonas_charontis,4.409195469
357,65,Gudongella_oleilytica,7.373495636
358,65,Dechloromonas_aromatica,0.468981617
359,65,Longilinea_sp.,3.747907422
360,65,Hydrogenophaga_aromaticivorans,0.847382491
361,65,Petrimonas_mucosa,1.466826811
362,65,Neobacillus_niacini,6.548578859
363,65,Clostridium_fungisolvens,37.18659447
364,66,Pseudomonas_phenolilytica,1.064264285
365,66,Mariniplasma_anaerobium,4.587927315
366,66,Mariniphaga_anaerophila,22.85455273
367,66,Methanosarcina_acetivorans,1.925116963
368,66,Methanobacterium_formicicum,2.123338801
369,66,Dielma_fastidiosa,5.210785063
370,66,Tepidimonas_charontis,4.711754893
371,66,Gudongella_oleilytica,7.523707703
372,66,Dechloromonas_aromatica,0.452713491
373,66,Longilinea_sp.,3.938518659
374,66,Hydrogenophaga_aromaticivorans,0.775705758
375,66,Petrimonas_mucosa,1.468918444
376,66,Neobacillus_niacini,6.244282695
377,66,Clostridium_fungisolvens,37.1184132
378,67,Pseudomonas_phenolilytica,1.034982975
379,67,Mariniplasma_anaerobium,4.860998575
380,67,Mariniphaga_anaerophila,22.3762324
381,67,Methanosarcina_acetivorans,1.962018767
382,67,Methanobacterium_formicicum,2.186954766
383,67,Dielma_fastidiosa,5.159927672
384,67,Tepidimonas_charontis,5.029148592
385,67,Gudongella_oleilytica,7.666703657
386,67,Dechloromonas_aromatica,0.436748972
387,67,Longilinea_sp.,4.130289623
388,67,Hydrogenophaga_aromaticivorans,0.709657978
389,67,Petrimonas_mucosa,1.46917443
390,67,Neobacillus_niacini,5.950794137
391,67,Clostridium_fungisolvens,37.02636745
392,68,Pseudomonas_phenolilytica,1.00599591
393,68,Mariniplasma_anaerobium,5.138114452
394,68,Mariniphaga_anaerophila,21.89596223
395,68,Methanosarcina_acetivorans,1.998306814
396,68,Methanobacterium_formicicum,2.251356933
397,68,Dielma_fastidiosa,5.106813972
398,68,Tepidimonas_charontis,5.361155941
399,68,Gudongella_oleilytica,7.802094449
400,68,Dechloromonas_aromatica,0.421113172
401,68,Longilinea_sp.,4.321441791
402,68,Hydrogenophaga_aromaticivorans,0.648848282
403,68,Petrimonas_mucosa,1.467744299
404,68,Neobacillus_niacini,5.668189257
405,68,Clostridium_fungisolvens,36.9128625
406,69,Pseudomonas_phenolilytica,0.97737193
407,69,Mariniplasma_anaerobium,5.41712127
408,69,Mariniphaga_anaerophila,21.41540072
409,69,Methanosarcina_acetivorans,2.034029302
410,69,Methanobacterium_formicicum,2.316539312
411,69,Dielma_fastidiosa,5.051782039
412,69,Tepidimonas_charontis,5.707660879
413,69,Gudongella_oleilytica,7.929655339
414,69,Dechloromonas_aromatica,0.405832366
415,69,Longilinea_sp.,4.510157225
416,69,Hydrogenophaga_aromaticivorans,0.592922793
417,69,Petrimonas_mucosa,1.464726748
418,69,Neobacillus_niacini,5.39651023
419,69,Clostridium_fungisolvens,36.78028985
420,70,Pseudomonas_phenolilytica,0.949205696
421,70,Mariniplasma_anaerobium,5.694771303
422,70,Mariniphaga_anaerophila,20.93641438
423,70,Methanosarcina_acetivorans,2.069262768
424,70,Methanobacterium_formicicum,2.38252531
425,70,Dielma_fastidiosa,4.995245193
426,70,Tepidimonas_charontis,6.068760579
427,70,Gudongella_oleilytica,8.049374916
428,70,Dechloromonas_aromatica,0.390937886
429,70,Longilinea_sp.,4.694539082
430,70,Hydrogenophaga_aromaticivorans,0.541551635
431,70,Petrimonas_mucosa,1.460177948
432,70,Neobacillus_niacini,5.135822599
433,70,Clostridium_fungisolvens,36.6314107
434,71,Pseudomonas_phenolilytica,0.921553959
435,71,Mariniplasma_anaerobium,5.968497872
436,71,Mariniphaga_anaerophila,20.46094449
437,71,Methanosarcina_acetivorans,2.103942779
438,71,Methanobacterium_formicicum,2.448933922
439,71,Dielma_fastidiosa,4.937631347
440,71,Tepidimonas_charontis,6.444041048
441,71,Gudongella_oleilytica,8.160913832
442,71,Dechloromonas_aromatica,0.376455999
443,71,Longilinea_sp.,4.872856572
444,71,Hydrogenophaga_aromaticivorans,0.494422611
445,71,Petrimonas_mucosa,1.45423651
446,71,Neobacillus_niacini,4.886169377
447,71,Clostridium_fungisolvens,36.46939968
448,72,Pseudomonas_phenolilytica,0.894429529
449,72,Mariniplasma_anaerobium,6.235693229
450,72,Mariniphaga_anaerophila,19.99084723
451,72,Methanosarcina_acetivorans,2.13800399
452,72,Methanobacterium_formicicum,2.515422054
453,72,Dielma_fastidiosa,4.879371166
454,72,Tepidimonas_charontis,6.833075674
455,72,Gudongella_oleilytica,8.26410497
456,72,Dechloromonas_aromatica,0.362409614
457,72,Longilinea_sp.,5.043424355
458,72,Hydrogenophaga_aromaticivorans,0.451243602
459,72,Petrimonas_mucosa,1.447016784
460,72,Neobacillus_niacini,4.647541448
461,72,Clostridium_fungisolvens,36.29741635
462,73,Pseudomonas_phenolilytica,0.867944808
463,73,Mariniplasma_anaerobium,6.493460029
464,73,Mariniphaga_anaerophila,19.52776436
465,73,Methanosarcina_acetivorans,2.171654489
466,73,Methanobacterium_formicicum,2.582204253
467,73,Dielma_fastidiosa,4.820899378
468,73,Tepidimonas_charontis,7.236009345
469,73,Gudongella_oleilytica,8.359598475
470,73,Dechloromonas_aromatica,0.348817918
471,73,Longilinea_sp.,5.204421743
472,73,Hydrogenophaga_aromaticivorans,0.411717404
473,73,Petrimonas_mucosa,1.438283455
474,73,Neobacillus_niacini,4.419620329
475,73,Clostridium_fungisolvens,36.11760402
476,74,Pseudomonas_phenolilytica,0.84212569
477,74,Mariniplasma_anaerobium,6.739699103
478,74,Mariniphaga_anaerophila,19.07277908
479,74,Methanosarcina_acetivorans,2.205055808
480,74,Methanobacterium_formicicum,2.649437529
481,74,Dielma_fastidiosa,4.762502668
482,74,Tepidimonas_charontis,7.652400349
483,74,Gudongella_oleilytica,8.447953663
484,74,Dechloromonas_aromatica,0.335687066
485,74,Longilinea_sp.,5.354629934
486,74,Hydrogenophaga_aromaticivorans,0.375569714
487,74,Petrimonas_mucosa,1.42804779
488,74,Neobacillus_niacini,4.202302938
489,74,Clostridium_fungisolvens,35.93180867
490,75,Pseudomonas_phenolilytica,0.816942344
491,75,Mariniplasma_anaerobium,6.972965346
492,75,Mariniphaga_anaerophila,18.62637557
493,75,Methanosarcina_acetivorans,2.238304256
494,75,Methanobacterium_formicicum,2.717202914
495,75,Dielma_fastidiosa,4.704318072
496,75,Tepidimonas_charontis,8.082030138
497,75,Gudongella_oleilytica,8.529574572
498,75,Dechloromonas_aromatica,0.323011078
499,75,Longilinea_sp.,5.493322146
500,75,Hydrogenophaga_aromaticivorans,0.342539515
501,75,Petrimonas_mucosa,1.416456857
502,75,Neobacillus_niacini,3.99546362
503,75,Clostridium_fungisolvens,35.74149357
504,76,Pseudomonas_phenolilytica,0.7924457
505,76,Mariniplasma_anaerobium,7.192154143
506,76,Mariniphaga_anaerophila,18.18895146
507,76,Methanosarcina_acetivorans,2.271493103
508,76,Methanobacterium_formicicum,2.785564233
509,76,Dielma_fastidiosa,4.646469427
510,76,Tepidimonas_charontis,8.524683376
511,76,Gudongella_oleilytica,8.604905645
512,76,Dechloromonas_aromatica,0.31078233
513,76,Longilinea_sp.,5.620047966
514,76,Hydrogenophaga_aromaticivorans,0.312356443
515,76,Petrimonas_mucosa,1.403661494
516,76,Neobacillus_niacini,3.79849062
517,76,Clostridium_fungisolvens,35.54799406
518,77,Pseudomonas_phenolilytica,0.768608595
519,77,Mariniplasma_anaerobium,7.396400616
520,77,Mariniphaga_anaerophila,17.76077386
521,77,Methanosarcina_acetivorans,2.30446383
522,77,Methanobacterium_formicicum,2.854609673
523,77,Dielma_fastidiosa,4.58905478
524,77,Tepidimonas_charontis,8.980163431
525,77,Gudongella_oleilytica,8.674392755
526,77,Dechloromonas_aromatica,0.298991423
527,77,Longilinea_sp.,5.734511186
528,77,Hydrogenophaga_aromaticivorans,0.284780477
529,77,Petrimonas_mucosa,1.389804993
530,77,Neobacillus_niacini,3.611014022
531,77,Clostridium_fungisolvens,35.35243036
532,78,Pseudomonas_phenolilytica,0.74543972
533,78,Mariniplasma_anaerobium,7.585074679
534,78,Mariniphaga_anaerophila,17.34194624
535,78,Methanosarcina_acetivorans,2.337272987
536,78,Methanobacterium_formicicum,2.924366101
537,78,Dielma_fastidiosa,4.532135999
538,78,Tepidimonas_charontis,9.448233724
539,78,Gudongella_oleilytica,8.738445388
540,78,Dechloromonas_aromatica,0.28762652
541,78,Longilinea_sp.,5.836577856
542,78,Hydrogenophaga_aromaticivorans,0.259601236
543,78,Petrimonas_mucosa,1.375017058
544,78,Neobacillus_niacini,3.432643463
545,78,Clostridium_fungisolvens,35.15561903
546,79,Pseudomonas_phenolilytica,0.722929842
547,79,Mariniplasma_anaerobium,7.757768263
548,79,Mariniphaga_anaerophila,16.93248058
549,79,Methanosarcina_acetivorans,2.369982822
550,79,Methanobacterium_formicicum,2.994856644
551,79,Dielma_fastidiosa,4.475754762
552,79,Tepidimonas_charontis,9.928598653
553,79,Gudongella_oleilytica,8.797449125
554,79,Dechloromonas_aromatica,0.276674503
555,79,Longilinea_sp.,5.926277
556,79,Hydrogenophaga_aromaticivorans,0.236607352
557,79,Petrimonas_mucosa,1.359423035
558,79,Neobacillus_niacini,3.262985828
559,79,Clostridium_fungisolvens,34.95821159
560,80,Pseudomonas_phenolilytica,0.701082742
561,80,Mariniplasma_anaerobium,7.91427787
562,80,Mariniphaga_anaerophila,16.53233607
563,80,Methanosarcina_acetivorans,2.402638908
564,80,Methanobacterium_formicicum,3.06607565
565,80,Dielma_fastidiosa,4.419920399
566,80,Tepidimonas_charontis,10.4206909
567,80,Gudongella_oleilytica,8.851745445
568,80,Dechloromonas_aromatica,0.266119475
569,80,Longilinea_sp.,6.00390788
570,80,Hydrogenophaga_aromaticivorans,0.215623255
571,80,Petrimonas_mucosa,1.34318053
572,80,Neobacillus_niacini,3.101667003
573,80,Clostridium_fungisolvens,34.76073387
574,81,Pseudomonas_phenolilytica,0.679878148
575,81,Mariniplasma_anaerobium,8.054666218
576,81,Mariniphaga_anaerophila,16.14161513
577,81,Methanosarcina_acetivorans,2.43529927
578,81,Methanobacterium_formicicum,3.138033576
579,81,Dielma_fastidiosa,4.364435968
580,81,Tepidimonas_charontis,10.92397956
581,81,Gudongella_oleilytica,8.90173465
582,81,Dechloromonas_aromatica,0.255954398
583,81,Longilinea_sp.,6.069935298
584,81,Hydrogenophaga_aromaticivorans,0.196468708
585,81,Petrimonas_mucosa,1.326463121
586,81,Neobacillus_niacini,2.947644633
587,81,Clostridium_fungisolvens,34.56389133
588,82,Pseudomonas_phenolilytica,0.65927407
589,82,Mariniplasma_anaerobium,8.178935797
590,82,Mariniphaga_anaerophila,15.76002957
591,82,Methanosarcina_acetivorans,2.467976647
592,82,Methanobacterium_formicicum,3.210681766
593,82,Dielma_fastidiosa,4.309509979
594,82,Tepidimonas_charontis,11.43780731
595,82,Gudongella_oleilytica,8.947637841
596,82,Dechloromonas_aromatica,0.246156467
597,82,Longilinea_sp.,6.124664527
598,82,Hydrogenophaga_aromaticivorans,0.178977702
599,82,Petrimonas_mucosa,1.309353817
600,82,Neobacillus_niacini,2.80126756
601,82,Clostridium_fungisolvens,34.36772694
602,83,Pseudomonas_phenolilytica,0.639269553
603,83,Mariniplasma_anaerobium,8.287440863
604,83,Mariniphaga_anaerophila,15.38738866
605,83,Methanosarcina_acetivorans,2.500694523
606,83,Methanobacterium_formicicum,3.28398207
607,83,Dielma_fastidiosa,4.255136584
608,83,Tepidimonas_charontis,11.96143414
609,83,Gudongella_oleilytica,8.989734294
610,83,Dechloromonas_aromatica,0.236711325
611,83,Longilinea_sp.,6.168485037
612,83,Hydrogenophaga_aromaticivorans,0.163005491
613,83,Petrimonas_mucosa,1.2920036
614,83,Neobacillus_niacini,2.662158672
615,83,Clostridium_fungisolvens,34.17255518
616,84,Pseudomonas_phenolilytica,0.619855177
617,84,Mariniplasma_anaerobium,8.380637494
618,84,Mariniphaga_anaerophila,15.02356036
619,84,Methanosarcina_acetivorans,2.533436811
620,84,Methanobacterium_formicicum,3.357903433
621,84,Dielma_fastidiosa,4.201326669
622,84,Tepidimonas_charontis,12.49393228
623,84,Gudongella_oleilytica,9.02821658
624,84,Dechloromonas_aromatica,0.227629698
625,84,Longilinea_sp.,6.20168689
626,84,Hydrogenophaga_aromaticivorans,0.148420282
627,84,Petrimonas_mucosa,1.274574132
628,84,Neobacillus_niacini,2.529966268
629,84,Clostridium_fungisolvens,33.97885393
630,85,Pseudomonas_phenolilytica,0.601025617
631,85,Mariniplasma_anaerobium,8.45896076
632,85,Mariniphaga_anaerophila,14.66852315
633,85,Methanosarcina_acetivorans,2.566156919
634,85,Methanobacterium_formicicum,3.432437802
635,85,Dielma_fastidiosa,4.148123793
636,85,Tepidimonas_charontis,13.03414721
637,85,Gudongella_oleilytica,9.063205475
638,85,Dechloromonas_aromatica,0.21885396
639,85,Longilinea_sp.,6.224723686
640,85,Hydrogenophaga_aromaticivorans,0.13509862
641,85,Petrimonas_mucosa,1.257168711
642,85,Neobacillus_niacini,2.404372972
643,85,Clostridium_fungisolvens,33.78720132
644,86,Pseudomonas_phenolilytica,0.582754846
645,86,Mariniplasma_anaerobium,8.522970187
646,86,Mariniphaga_anaerophila,14.32211447
647,86,Methanosarcina_acetivorans,2.598853488
648,86,Methanobacterium_formicicum,3.507542617
649,86,Dielma_fastidiosa,4.09553382
650,86,Tepidimonas_charontis,13.5809953
651,86,Gudongella_oleilytica,9.094858656
652,86,Dechloromonas_aromatica,0.210407896
653,86,Longilinea_sp.,6.238146512
654,86,Hydrogenophaga_aromaticivorans,0.122934796
655,86,Petrimonas_mucosa,1.24008521
656,86,Neobacillus_niacini,2.285053495
657,86,Clostridium_fungisolvens,33.59774871
658,87,Pseudomonas_phenolilytica,0.557022367
659,87,Mariniplasma_anaerobium,9.057182758
660,87,Mariniphaga_anaerophila,13.8166568
661,87,Methanosarcina_acetivorans,2.59437681
662,87,Methanobacterium_formicicum,3.532475571
663,87,Dielma_fastidiosa,3.986354943
664,87,Tepidimonas_charontis,13.93373948
665,87,Gudongella_oleilytica,8.994424583
666,87,Dechloromonas_aromatica,0.199395662
667,87,Longilinea_sp.,6.545732278
668,87,Hydrogenophaga_aromaticivorans,0.110247035
669,87,Petrimonas_mucosa,1.250020148
670,87,Neobacillus_niacini,2.143859391
671,87,Clostridium_fungisolvens,33.27851218
672,88,Pseudomonas_phenolilytica,0.532384552
673,88,Mariniplasma_anaerobium,9.593292334
674,88,Mariniphaga_anaerophila,13.32931961
675,88,Methanosarcina_acetivorans,2.589505199
676,88,Methanobacterium_formicicum,3.556486494
677,88,Dielma_fastidiosa,3.880044157
678,88,Tepidimonas_charontis,14.26833565
679,88,Gudongella_oleilytica,8.889573956
680,88,Dechloromonas_aromatica,0.188965978
681,88,Longilinea_sp.,6.84852795
682,88,Hydrogenophaga_aromaticivorans,0.098823132
683,88,Petrimonas_mucosa,1.259730267
684,88,Neobacillus_niacini,2.011383105
685,88,Clostridium_fungisolvens,32.95362762
686,89,Pseudomonas_phenolilytica,0.508808539
687,89,Mariniplasma_anaerobium,10.12763234
688,89,Mariniphaga_anaerophila,12.85941235
689,89,Methanosarcina_acetivorans,2.584324576
690,89,Methanobacterium_formicicum,3.579838235
691,89,Dielma_fastidiosa,3.776507876
692,89,Tepidimonas_charontis,14.58638035
693,89,Gudongella_oleilytica,8.781754448
694,89,Dechloromonas_aromatica,0.179049719
695,89,Longilinea_sp.,7.144443623
696,89,Hydrogenophaga_aromaticivorans,0.088538698
697,89,Petrimonas_mucosa,1.269318779
698,89,Neobacillus_niacini,1.887076968
699,89,Clostridium_fungisolvens,32.6269135
700,90,Pseudomonas_phenolilytica,0.486271512
701,90,Mariniplasma_anaerobium,10.65727137
702,90,Mariniphaga_anaerophila,12.4064183
703,90,Methanosarcina_acetivorans,2.578962592
704,90,Methanobacterium_formicicum,3.602766787
705,90,Dielma_fastidiosa,3.675717614
706,90,Tepidimonas_charontis,14.88944624
707,90,Gudongella_oleilytica,8.672207294
708,90,Dechloromonas_aromatica,0.169641888
709,90,Longilinea_sp.,7.431537169
710,90,Hydrogenophaga_aromaticivorans,0.079282351
711,90,Petrimonas_mucosa,1.278846538
712,90,Neobacillus_niacini,1.770444732
713,90,Clostridium_fungisolvens,32.30118561
714,91,Pseudomonas_phenolilytica,0.464699638
715,91,Mariniplasma_anaerobium,11.17925455
716,91,Mariniphaga_anaerophila,11.96982103
717,91,Methanosarcina_acetivorans,2.573536295
718,91,Methanobacterium_formicicum,3.625474461
719,91,Dielma_fastidiosa,3.577891491
720,91,Tepidimonas_charontis,15.1772545
721,91,Gudongella_oleilytica,8.56200816
722,91,Dechloromonas_aromatica,0.160717052
723,91,Longilinea_sp.,7.710762977
724,91,Hydrogenophaga_aromaticivorans,0.070954195
725,91,Petrimonas_mucosa,1.288377836
726,91,Neobacillus_niacini,1.661059156
727,91,Clostridium_fungisolvens,31.97818866
728,92,Pseudomonas_phenolilytica,0.444047686
729,92,Mariniplasma_anaerobium,11.69478208
730,92,Mariniphaga_anaerophila,11.54886481
731,92,Methanosarcina_acetivorans,2.568045408
732,92,Methanobacterium_formicicum,3.647978017
733,92,Dielma_fastidiosa,3.482473441
734,92,Tepidimonas_charontis,15.44918032
735,92,Gudongella_oleilytica,8.451831339
736,92,Dechloromonas_aromatica,0.152247448
737,92,Longilinea_sp.,7.982432062
738,92,Hydrogenophaga_aromaticivorans,0.06350267
739,92,Petrimonas_mucosa,1.297930374
740,92,Neobacillus_niacini,1.558425442
741,92,Clostridium_fungisolvens,31.65825891
742,93,Pseudomonas_phenolilytica,0.424274408
743,93,Mariniplasma_anaerobium,12.20577277
744,93,Mariniphaga_anaerophila,11.14246074
745,93,Methanosarcina_acetivorans,2.562401702
746,93,Methanobacterium_formicicum,3.670138209
747,93,Dielma_fastidiosa,3.389457844
748,93,Tepidimonas_charontis,15.70528445
749,93,Gudongella_oleilytica,8.341787981
750,93,Dechloromonas_aromatica,0.144202809
751,93,Longilinea_sp.,8.247530619
752,93,Hydrogenophaga_aromaticivorans,0.0568333
753,93,Petrimonas_mucosa,1.307465412
754,93,Neobacillus_niacini,1.462036983
755,93,Clostridium_fungisolvens,31.34035276
756,94,Pseudomonas_phenolilytica,0.405342055
757,94,Mariniplasma_anaerobium,12.71387989
758,94,Mariniphaga_anaerophila,10.74967797
759,94,Methanosarcina_acetivorans,2.556526208
760,94,Methanobacterium_formicicum,3.691809992
761,94,Dielma_fastidiosa,3.298659385
762,94,Tepidimonas_charontis,15.94559133
763,94,Gudongella_oleilytica,8.231888045
764,94,Dechloromonas_aromatica,0.136556482
765,94,Longilinea_sp.,8.507268875
766,94,Hydrogenophaga_aromaticivorans,0.050861796
767,94,Petrimonas_mucosa,1.316940582
768,94,Neobacillus_niacini,1.371465519
769,94,Clostridium_fungisolvens,31.02353187
770,95,Pseudomonas_phenolilytica,0.387181919
771,95,Mariniplasma_anaerobium,13.2203449
772,95,Mariniphaga_anaerophila,10.36971088
773,95,Methanosarcina_acetivorans,2.55034755
774,95,Methanobacterium_formicicum,3.712833528
775,95,Dielma_fastidiosa,3.209922315
776,95,Tepidimonas_charontis,16.17062073
777,95,Gudongella_oleilytica,8.122078584
778,95,Dechloromonas_aromatica,0.129284762
779,95,Longilinea_sp.,8.762655415
780,95,Hydrogenophaga_aromaticivorans,0.045513664
781,95,Petrimonas_mucosa,1.326310919
782,95,Neobacillus_niacini,1.286325561
783,95,Clostridium_fungisolvens,30.70686927
784,96,Pseudomonas_phenolilytica,0.369789118
785,96,Mariniplasma_anaerobium,13.72556223
786,96,Mariniphaga_anaerophila,10.00170572
787,96,Methanosarcina_acetivorans,2.543824149
788,96,Methanobacterium_formicicum,3.733107847
789,96,Dielma_fastidiosa,3.12333748
790,96,Tepidimonas_charontis,16.38105453
791,96,Gudongella_oleilytica,8.012350555
792,96,Dechloromonas_aromatica,0.12236613
793,96,Longilinea_sp.,9.014607089
794,96,Hydrogenophaga_aromaticivorans,0.040723261
795,96,Petrimonas_mucosa,1.335462439
796,96,Neobacillus_niacini,1.206279469
797,96,Clostridium_fungisolvens,30.38982998
798,97,Pseudomonas_phenolilytica,0.353095644
799,97,Mariniplasma_anaerobium,14.22886091
800,97,Mariniphaga_anaerophila,9.645380199
801,97,Methanosarcina_acetivorans,2.536972795
802,97,Methanobacterium_formicicum,3.75260366
803,97,Dielma_fastidiosa,3.038673443
804,97,Tepidimonas_charontis,16.57727373
805,97,Gudongella_oleilytica,7.902854831
806,97,Dechloromonas_aromatica,0.115782671
807,97,Longilinea_sp.,9.264161774
808,97,Hydrogenophaga_aromaticivorans,0.036432911
809,97,Petrimonas_mucosa,1.34424084
810,97,Neobacillus_niacini,1.131039179
811,97,Clostridium_fungisolvens,30.07262741
812,98,Pseudomonas_phenolilytica,0.337130513
813,98,Mariniplasma_anaerobium,14.72444609
814,98,Mariniphaga_anaerophila,9.301059768
815,98,Methanosarcina_acetivorans,2.529970289
816,98,Methanobacterium_formicicum,3.771533567
817,98,Dielma_fastidiosa,2.956094055
818,98,Tepidimonas_charontis,16.7606995
819,98,Gudongella_oleilytica,7.7941911
820,98,Dechloromonas_aromatica,0.109525193
821,98,Longilinea_sp.,9.512381234
822,98,Hydrogenophaga_aromaticivorans,0.032592956
823,98,Petrimonas_mucosa,1.352654038
824,98,Neobacillus_niacini,1.060398907
825,98,Clostridium_fungisolvens,29.75732278
826,99,Pseudomonas_phenolilytica,0.321864245
827,99,Mariniplasma_anaerobium,15.2132892
828,99,Mariniphaga_anaerophila,8.968550703
829,99,Methanosarcina_acetivorans,2.522868556
830,99,Methanobacterium_formicicum,3.789937987
831,99,Dielma_fastidiosa,2.875604032
832,99,Tepidimonas_charontis,16.93203838
833,99,Gudongella_oleilytica,7.686651719
834,99,Dechloromonas_aromatica,0.103600425
835,99,Longilinea_sp.,9.757106456
836,99,Hydrogenophaga_aromaticivorans,0.029156763
837,99,Petrimonas_mucosa,1.36076589
838,99,Neobacillus_niacini,0.994102832
839,99,Clostridium_fungisolvens,29.44446282
840,100,Pseudomonas_phenolilytica,0.307257572
841,100,Mariniplasma_anaerobium,15.6957341
842,100,Mariniphaga_anaerophila,8.647356036
843,100,Methanosarcina_acetivorans,2.515634428
844,100,Methanobacterium_formicicum,3.807733333
845,100,Dielma_fastidiosa,2.79711152
846,100,Tepidimonas_charontis,17.09135282
847,100,Gudongella_oleilytica,7.580209323
848,100,Dechloromonas_aromatica,0.097966993
849,100,Longilinea_sp.,9.999497269
850,100,Hydrogenophaga_aromaticivorans,0.026081555
851,100,Petrimonas_mucosa,1.368588183
852,100,Neobacillus_niacini,0.93187516
853,100,Clostridium_fungisolvens,29.13360171
854,101,Pseudomonas_phenolilytica,0.293278463
855,101,Mariniplasma_anaerobium,16.17206132
856,101,Mariniphaga_anaerophila,8.337048363
857,101,Methanosarcina_acetivorans,2.508248264
858,101,Methanobacterium_formicicum,3.824857393
859,101,Dielma_fastidiosa,2.720367362
860,101,Tepidimonas_charontis,17.23873198
861,101,Gudongella_oleilytica,7.474840148
862,101,Dechloromonas_aromatica,0.092609952
863,101,Longilinea_sp.,10.24056123
864,101,Hydrogenophaga_aromaticivorans,0.023329302
865,101,Petrimonas_mucosa,1.376132666
866,101,Neobacillus_niacini,0.873463441
867,101,Clostridium_fungisolvens,28.82447011
868,102,Pseudomonas_phenolilytica,0.279899649
869,102,Mariniplasma_anaerobium,16.64243218
870,102,Mariniphaga_anaerophila,8.037218181
871,102,Methanosarcina_acetivorans,2.500689591
872,102,Methanobacterium_formicicum,3.841248341
873,102,Dielma_fastidiosa,2.645491945
874,102,Tepidimonas_charontis,17.37422341
875,102,Gudongella_oleilytica,7.370484581
876,102,Dechloromonas_aromatica,0.087510554
877,102,Longilinea_sp.,10.48110573
878,102,Hydrogenophaga_aromaticivorans,0.020866017
879,102,Petrimonas_mucosa,1.3834043
880,102,Neobacillus_niacini,0.818631054
881,102,Clostridium_fungisolvens,28.51679447
882,103,Pseudomonas_phenolilytica,0.267089306
883,103,Mariniplasma_anaerobium,17.10699132
884,103,Mariniphaga_anaerophila,7.747497893
885,103,Methanosarcina_acetivorans,2.492945662
886,103,Methanobacterium_formicicum,3.856858404
887,103,Dielma_fastidiosa,2.572430333
888,103,Tepidimonas_charontis,17.4979313
889,103,Gudongella_oleilytica,7.267105096
890,103,Dechloromonas_aromatica,0.082661915
891,103,Longilinea_sp.,10.72184592
892,103,Hydrogenophaga_aromaticivorans,0.018661381
893,103,Petrimonas_mucosa,1.390408068
894,103,Neobacillus_niacini,0.767158942
895,103,Clostridium_fungisolvens,28.21041445
896,104,Pseudomonas_phenolilytica,0.254835963
897,104,Mariniplasma_anaerobium,17.56609407
898,104,Mariniphaga_anaerophila,7.467646268
899,104,Methanosarcina_acetivorans,2.485041828
900,104,Methanobacterium_formicicum,3.871700601
901,104,Dielma_fastidiosa,2.501169412
902,104,Tepidimonas_charontis,17.61023477
903,104,Gudongella_oleilytica,7.164516993
904,104,Dechloromonas_aromatica,0.078063043
905,104,Longilinea_sp.,10.96241489
906,104,Hydrogenophaga_aromaticivorans,0.016688524
907,104,Petrimonas_mucosa,1.397146055
908,104,Neobacillus_niacini,0.718851533
909,104,Clostridium_fungisolvens,27.90559605
910,105,Pseudomonas_phenolilytica,0.243110848
911,105,Mariniplasma_anaerobium,18.02013201
912,105,Mariniphaga_anaerophila,7.197387894
913,105,Methanosarcina_acetivorans,2.476991651
914,105,Methanobacterium_formicicum,3.885773422
915,105,Dielma_fastidiosa,2.431684529
916,105,Tepidimonas_charontis,17.7117492
917,105,Gudongella_oleilytica,7.062477825
918,105,Dechloromonas_aromatica,0.073687645
919,105,Longilinea_sp.,11.20248226
920,105,Hydrogenophaga_aromaticivorans,0.014923255
921,105,Petrimonas_mucosa,1.403608574
922,105,Neobacillus_niacini,0.673520425
923,105,Clostridium_fungisolvens,27.60247047
924,106,Pseudomonas_phenolilytica,0.231903427
925,106,Mariniplasma_anaerobium,18.46936544
926,106,Mariniphaga_anaerophila,6.936436332
927,106,Methanosarcina_acetivorans,2.468657604
928,106,Methanobacterium_formicicum,3.898549234
929,106,Dielma_fastidiosa,2.363944484
930,106,Tepidimonas_charontis,17.80343354
931,106,Gudongella_oleilytica,6.960802132
932,106,Dechloromonas_aromatica,0.069535146
933,106,Longilinea_sp.,11.44214595
934,106,Hydrogenophaga_aromaticivorans,0.013343857
935,106,Petrimonas_mucosa,1.409789111
936,106,Neobacillus_niacini,0.630988046
937,106,Clostridium_fungisolvens,27.3011057
938,107,Pseudomonas_phenolilytica,0.221186714
939,107,Mariniplasma_anaerobium,18.91477386
940,107,Mariniphaga_anaerophila,6.684362798
941,107,Methanosarcina_acetivorans,2.459927274
942,107,Methanobacterium_formicicum,3.909687113
943,107,Dielma_fastidiosa,2.29786897
944,107,Tepidimonas_charontis,17.88616045
945,107,Gudongella_oleilytica,6.859330776
946,107,Dechloromonas_aromatica,0.065594642
947,107,Longilinea_sp.,11.68146033
948,107,Hydrogenophaga_aromaticivorans,0.011930608
949,107,Petrimonas_mucosa,1.415661485
950,107,Neobacillus_niacini,0.591073789
951,107,Clostridium_fungisolvens,27.00098119
952,108,Pseudomonas_phenolilytica,0.21092898
953,108,Mariniplasma_anaerobium,19.35733973
954,108,Mariniphaga_anaerophila,6.440681018
955,108,Methanosarcina_acetivorans,2.450747314
956,108,Methanobacterium_formicicum,3.919118447
957,108,Dielma_fastidiosa,2.233354959
958,108,Tepidimonas_charontis,17.96076535
959,108,Gudongella_oleilytica,6.757980754
960,108,Dechloromonas_aromatica,0.061854822
961,108,Longilinea_sp.,11.92051364
962,108,Hydrogenophaga_aromaticivorans,0.010665787
963,108,Petrimonas_mucosa,1.421192401
964,108,Neobacillus_niacini,0.553602523
965,108,Clostridium_fungisolvens,26.70125428
966,109,Pseudomonas_phenolilytica,0.201101093
967,109,Mariniplasma_anaerobium,19.79830753
968,109,Mariniphaga_anaerophila,6.204785103
969,109,Methanosarcina_acetivorans,2.441105352
970,109,Methanobacterium_formicicum,3.927054757
971,109,Dielma_fastidiosa,2.170254318
972,109,Tepidimonas_charontis,18.0281439
973,109,Gudongella_oleilytica,6.656723419
974,109,Dechloromonas_aromatica,0.05830358
975,109,Longilinea_sp.,12.15951005
976,109,Hydrogenophaga_aromaticivorans,0.009533383
977,109,Petrimonas_mucosa,1.426326898
978,109,Neobacillus_niacini,0.518398403
979,109,Clostridium_fungisolvens,26.40045222
980,110,Pseudomonas_phenolilytica,0.191679276
981,110,Mariniplasma_anaerobium,20.23888429
982,110,Mariniphaga_anaerophila,5.976219705
983,110,Methanosarcina_acetivorans,2.430950259
984,110,Methanobacterium_formicicum,3.933494992
985,110,Dielma_fastidiosa,2.108464399
986,110,Tepidimonas_charontis,18.08913102
987,110,Gudongella_oleilytica,6.555452913
988,110,Dechloromonas_aromatica,0.054933953
989,110,Longilinea_sp.,12.3983743
990,110,Hydrogenophaga_aromaticivorans,0.008519348
991,110,Petrimonas_mucosa,1.431012742
992,110,Neobacillus_niacini,0.48530998
993,110,Clostridium_fungisolvens,26.09757283
994,111,Pseudomonas_phenolilytica,0.182652269
995,111,Mariniplasma_anaerobium,20.6771979
996,111,Mariniphaga_anaerophila,5.754905967
997,111,Methanosarcina_acetivorans,2.420345985
998,111,Methanobacterium_formicicum,3.938564566
999,111,Dielma_fastidiosa,2.048010025
1000,111,Tepidimonas_charontis,18.14498306
1001,111,Gudongella_oleilytica,6.454379679
1002,111,Dechloromonas_aromatica,0.051738615
1003,111,Longilinea_sp.,12.63693774
1004,111,Hydrogenophaga_aromaticivorans,0.00761163
1005,111,Petrimonas_mucosa,1.435273634
1006,111,Neobacillus_niacini,0.454224948
1007,111,Clostridium_fungisolvens,25.79317399
1008,112,Pseudomonas_phenolilytica,0.174007927
1009,112,Mariniplasma_anaerobium,21.11402241
1010,112,Mariniphaga_anaerophila,5.540732308
1011,112,Methanosarcina_acetivorans,2.409335313
1012,112,Methanobacterium_formicicum,3.942339978
1013,112,Dielma_fastidiosa,1.98890294
1014,112,Tepidimonas_charontis,18.19652927
1015,112,Gudongella_oleilytica,6.353646845
1016,112,Dechloromonas_aromatica,0.048708355
1017,112,Longilinea_sp.,12.87311636
1018,112,Hydrogenophaga_aromaticivorans,0.006799331
1019,112,Petrimonas_mucosa,1.439126139
1020,112,Neobacillus_niacini,0.425033862
1021,112,Clostridium_fungisolvens,25.48769896
1022,113,Pseudomonas_phenolilytica,0.165728412
1023,113,Mariniplasma_anaerobium,21.54976684
1024,113,Mariniphaga_anaerophila,5.333448885
1025,113,Methanosarcina_acetivorans,2.397898003
1026,113,Methanobacterium_formicicum,3.944789575
1027,113,Dielma_fastidiosa,1.931103788
1028,113,Tepidimonas_charontis,18.24394908
1029,113,Gudongella_oleilytica,6.253226121
1030,113,Dechloromonas_aromatica,0.045834589
1031,113,Longilinea_sp.,13.10704661
1032,113,Hydrogenophaga_aromaticivorans,0.006072483
1033,113,Petrimonas_mucosa,1.442551284
1034,113,Neobacillus_niacini,0.397622395
1035,113,Clostridium_fungisolvens,25.18096194
1036,114,Pseudomonas_phenolilytica,0.157802253
1037,114,Mariniplasma_anaerobium,21.98471791
1038,114,Mariniphaga_anaerophila,5.132838463
1039,114,Methanosarcina_acetivorans,2.386022409
1040,114,Methanobacterium_formicicum,3.945893858
1041,114,Dielma_fastidiosa,1.874582694
1042,114,Tepidimonas_charontis,18.28735019
1043,114,Gudongella_oleilytica,6.153110146
1044,114,Dechloromonas_aromatica,0.043109852
1045,114,Longilinea_sp.,13.33884142
1046,114,Hydrogenophaga_aromaticivorans,0.005422188
1047,114,Petrimonas_mucosa,1.445534904
1048,114,Neobacillus_niacini,0.37188488
1049,114,Clostridium_fungisolvens,24.87288883
1050,115,Pseudomonas_phenolilytica,0.150206725
1051,115,Mariniplasma_anaerobium,22.41908294
1052,115,Mariniphaga_anaerophila,4.938705608
1053,115,Methanosarcina_acetivorans,2.373702926
1054,115,Methanobacterium_formicicum,3.945643941
1055,115,Dielma_fastidiosa,1.81931586
1056,115,Tepidimonas_charontis,18.32679963
1057,115,Gudongella_oleilytica,6.053306753
1058,115,Dechloromonas_aromatica,0.040527106
1059,115,Longilinea_sp.,13.56859815
1060,115,Hydrogenophaga_aromaticivorans,0.004840477
1061,115,Petrimonas_mucosa,1.448066414
1062,115,Neobacillus_niacini,0.347722915
1063,115,Clostridium_fungisolvens,24.56348056
1064,116,Pseudomonas_phenolilytica,0.142943684
1065,116,Mariniplasma_anaerobium,22.85300395
1066,116,Mariniphaga_anaerophila,4.750868111
1067,116,Methanosarcina_acetivorans,2.360937514
1068,116,Methanobacterium_formicicum,3.944038027
1069,116,Dielma_fastidiosa,1.765282782
1070,116,Tepidimonas_charontis,18.36233262
1071,116,Gudongella_oleilytica,5.953831634
1072,116,Dechloromonas_aromatica,0.03808373
1073,116,Longilinea_sp.,13.79639671
1074,116,Hydrogenophaga_aromaticivorans,0.004320215
1075,116,Petrimonas_mucosa,1.450137385
1076,116,Neobacillus_niacini,0.325044276
1077,116,Clostridium_fungisolvens,24.25277935
1078,117,Pseudomonas_phenolilytica,0.135991481
1079,117,Mariniplasma_anaerobium,23.28659324
1080,117,Mariniphaga_anaerophila,4.569154649
1081,117,Methanosarcina_acetivorans,2.347727731
1082,117,Methanobacterium_formicicum,3.941080985
1083,117,Dielma_fastidiosa,1.712465532
1084,117,Tepidimonas_charontis,18.39397814
1085,117,Gudongella_oleilytica,5.854709335
1086,117,Dechloromonas_aromatica,0.035765024
1087,117,Longilinea_sp.,14.0223114
1088,117,Hydrogenophaga_aromaticivorans,0.003855003
1089,117,Petrimonas_mucosa,1.451741561
1090,117,Neobacillus_niacini,0.303762379
1091,117,Clostridium_fungisolvens,23.94086354
1092,118,Pseudomonas_phenolilytica,0.129343821
1093,118,Mariniplasma_anaerobium,23.71992113
1094,118,Mariniphaga_anaerophila,4.393401272
1095,118,Methanosarcina_acetivorans,2.334077056
1096,118,Methanobacterium_formicicum,3.936782706
1097,118,Dielma_fastidiosa,1.660847604
1098,118,Tepidimonas_charontis,18.42174863
1099,118,Gudongella_oleilytica,5.755966666
1100,118,Dechloromonas_aromatica,0.033571098
1101,118,Longilinea_sp.,14.24639992
1102,118,Hydrogenophaga_aromaticivorans,0.003439103
1103,118,Petrimonas_mucosa,1.452874087
1104,118,Neobacillus_niacini,0.283795708
1105,118,Clostridium_fungisolvens,23.62783119
1106,119,Pseudomonas_phenolilytica,0.122983188
1107,119,Mariniplasma_anaerobium,24.15304443
1108,119,Mariniphaga_anaerophila,4.223447177
1109,119,Methanosarcina_acetivorans,2.319990594
1110,119,Methanobacterium_formicicum,3.931156754
1111,119,Dielma_fastidiosa,1.610413335
1112,119,Tepidimonas_charontis,18.4456594
1113,119,Gudongella_oleilytica,5.657634776
1114,119,Dechloromonas_aromatica,0.031492301
1115,119,Longilinea_sp.,14.46871641
1116,119,Hydrogenophaga_aromaticivorans,0.00306737
1117,119,Petrimonas_mucosa,1.453531432
1118,119,Neobacillus_niacini,0.265067415
1119,119,Clostridium_fungisolvens,23.31379543
1120,120,Pseudomonas_phenolilytica,0.116898664
1121,120,Mariniplasma_anaerobium,24.58599522
1122,120,Mariniphaga_anaerophila,4.059134266
1123,120,Methanosarcina_acetivorans,2.305474995
1124,120,Methanobacterium_formicicum,3.924220396
1125,120,Dielma_fastidiosa,1.561147788
1126,120,Tepidimonas_charontis,18.46572093
1127,120,Gudongella_oleilytica,5.559745846
1128,120,Dechloromonas_aromatica,0.029525085
1129,120,Longilinea_sp.,14.68930394
1130,120,Hydrogenophaga_aromaticivorans,0.002735186
1131,120,Petrimonas_mucosa,1.453711264
1132,120,Neobacillus_niacini,0.247505035
1133,120,Clostridium_fungisolvens,22.99888138
1134,121,Pseudomonas_phenolilytica,0.111084196
1135,121,Mariniplasma_anaerobium,25.01878585
1136,121,Mariniphaga_anaerophila,3.900314151
1137,121,Methanosarcina_acetivorans,2.290537833
1138,121,Methanobacterium_formicicum,3.915993915
1139,121,Dielma_fastidiosa,1.513036424
1140,121,Tepidimonas_charontis,18.48194155
1141,121,Gudongella_oleilytica,5.462332602
1142,121,Dechloromonas_aromatica,0.027664158
1143,121,Longilinea_sp.,14.90819576
1144,121,Hydrogenophaga_aromaticivorans,0.002438411
1145,121,Petrimonas_mucosa,1.453412323
1146,121,Neobacillus_niacini,0.231040184
1147,121,Clostridium_fungisolvens,22.68322265
1148,122,Pseudomonas_phenolilytica,0.105527242
1149,122,Mariniplasma_anaerobium,25.45141908
1150,122,Mariniphaga_anaerophila,3.746841249
1151,122,Methanosarcina_acetivorans,2.275187338
1152,122,Methanobacterium_formicicum,3.906499407
1153,122,Dielma_fastidiosa,1.466064645
1154,122,Tepidimonas_charontis,18.49433337
1155,122,Gudongella_oleilytica,5.365428603
1156,122,Dechloromonas_aromatica,0.025907221
1157,122,Longilinea_sp.,15.12542051
1158,122,Hydrogenophaga_aromaticivorans,0.002173332
1159,122,Petrimonas_mucosa,1.45263414
1160,122,Neobacillus_niacini,0.215608269
1161,122,Clostridium_fungisolvens,22.36695559
1162,123,Pseudomonas_phenolilytica,0.100217922
1163,123,Mariniplasma_anaerobium,25.88388839
1164,123,Mariniphaga_anaerophila,3.598573323
1165,123,Methanosarcina_acetivorans,2.259432373
1166,123,Methanobacterium_formicicum,3.89576141
1167,123,Dielma_fastidiosa,1.420218006
1168,123,Tepidimonas_charontis,18.5029107
1169,123,Gudongella_oleilytica,5.269067782
1170,123,Dechloromonas_aromatica,0.024243735
1171,123,Longilinea_sp.,15.34100219
1172,123,Hydrogenophaga_aromaticivorans,0.001936618
1173,123,Petrimonas_mucosa,1.451377253
1174,123,Neobacillus_niacini,0.201148317
1175,123,Clostridium_fungisolvens,22.05022198
1176,124,Pseudomonas_phenolilytica,0.095146835
1177,124,Mariniplasma_anaerobium,26.31617099
1178,124,Mariniphaga_anaerophila,3.455371174
1179,124,Methanosarcina_acetivorans,2.243282919
1180,124,Methanobacterium_formicicum,3.883806262
1181,124,Dielma_fastidiosa,1.375482121
1182,124,Tepidimonas_charontis,18.50769074
1183,124,Gudongella_oleilytica,5.173283445
1184,124,Dechloromonas_aromatica,0.022674414
1185,124,Longilinea_sp.,15.55495492
1186,124,Hydrogenophaga_aromaticivorans,0.001725284
1187,124,Petrimonas_mucosa,1.449643054
1188,124,Neobacillus_niacini,0.187601266
1189,124,Clostridium_fungisolvens,21.73316658
1190,125,Pseudomonas_phenolilytica,0.090304574
1191,125,Mariniplasma_anaerobium,26.74824023
1192,125,Mariniphaga_anaerophila,3.317097881
1193,125,Methanosarcina_acetivorans,2.226748861
1194,125,Methanobacterium_formicicum,3.870661713
1195,125,Dielma_fastidiosa,1.331842379
1196,125,Tepidimonas_charontis,18.50869207
1197,125,Gudongella_oleilytica,5.078108822
1198,125,Dechloromonas_aromatica,0.021193345
1199,125,Longilinea_sp.,15.76729299
1200,125,Hydrogenophaga_aromaticivorans,0.001536653
1201,125,Petrimonas_mucosa,1.447433693
1202,125,Neobacillus_niacini,0.174912348
1203,125,Clostridium_fungisolvens,21.41593444
1204,126,Pseudomonas_phenolilytica,0.08568615
1205,126,Mariniplasma_anaerobium,27.17671845
1206,126,Mariniphaga_anaerophila,3.183766032
1207,126,Methanosarcina_acetivorans,2.209942393
1208,126,Methanobacterium_formicicum,3.856534982
1209,126,Dielma_fastidiosa,1.289343574
1210,126,Tepidimonas_charontis,18.50678306
1211,126,Gudongella_oleilytica,4.983805122
1212,126,Dechloromonas_aromatica,0.019793675
1213,126,Longilinea_sp.,15.97875713
1214,126,Hydrogenophaga_aromaticivorans,0.001368389
1215,126,Petrimonas_mucosa,1.444818639
1216,126,Neobacillus_niacini,0.163038165
1217,126,Clostridium_fungisolvens,21.09964423
1218,127,Pseudomonas_phenolilytica,0.081286453
1219,127,Mariniplasma_anaerobium,27.59783762
1220,127,Mariniphaga_anaerophila,3.055381364
1221,127,Methanosarcina_acetivorans,2.192972187
1222,127,Methanobacterium_formicicum,3.841658159
1223,127,Dielma_fastidiosa,1.248028746
1224,127,Tepidimonas_charontis,18.50294122
1225,127,Gudongella_oleilytica,4.890640257
1226,127,Dechloromonas_aromatica,0.018476517
1227,127,Longilinea_sp.,16.19027495
1228,127,Hydrogenophaga_aromaticivorans,0.001218384
1229,127,Petrimonas_mucosa,1.441875752
1230,127,Neobacillus_niacini,0.151936843
1231,127,Clostridium_fungisolvens,20.78547154
1232,128,Pseudomonas_phenolilytica,0.077094814
1233,128,Mariniplasma_anaerobium,28.01145632
1234,128,Mariniphaga_anaerophila,2.931777173
1235,128,Methanosarcina_acetivorans,2.175849945
1236,128,Methanobacterium_formicicum,3.826054293
1237,128,Dielma_fastidiosa,1.207870275
1238,128,Tepidimonas_charontis,18.49719035
1239,128,Gudongella_oleilytica,4.798612091
1240,128,Dechloromonas_aromatica,0.017235377
1241,128,Longilinea_sp.,16.40216279
1242,128,Hydrogenophaga_aromaticivorans,0.001084673
1243,128,Petrimonas_mucosa,1.438609235
1244,128,Neobacillus_niacini,0.141560049
1245,128,Clostridium_fungisolvens,20.4734426
1246,129,Pseudomonas_phenolilytica,0.073103268
1247,129,Mariniplasma_anaerobium,28.41742088
1248,129,Mariniphaga_anaerophila,2.812795429
1249,129,Methanosarcina_acetivorans,2.158585033
1250,129,Methanobacterium_formicicum,3.809757397
1251,129,Dielma_fastidiosa,1.168842673
1252,129,Tepidimonas_charontis,18.48957209
1253,129,Gudongella_oleilytica,4.707725251
1254,129,Dechloromonas_aromatica,0.016065307
1255,129,Longilinea_sp.,16.61464989
1256,129,Hydrogenophaga_aromaticivorans,0.000966
1257,129,Petrimonas_mucosa,1.435025376
1258,129,Neobacillus_niacini,0.131874579
1259,129,Clostridium_fungisolvens,20.16361732
1260,130,Pseudomonas_phenolilytica,0.069304061
1261,130,Mariniplasma_anaerobium,28.81558497
1262,130,Mariniphaga_anaerophila,2.69828514
1263,130,Methanosarcina_acetivorans,2.141187338
1264,130,Methanobacterium_formicicum,3.792805115
1265,130,Dielma_fastidiosa,1.13092195
1266,130,Tepidimonas_charontis,18.48013835
1267,130,Gudongella_oleilytica,4.617988632
1268,130,Dechloromonas_aromatica,0.014962851
1269,130,Longilinea_sp.,16.82793262
1270,130,Hydrogenophaga_aromaticivorans,0.000859
1271,130,Petrimonas_mucosa,1.431131961
1272,130,Neobacillus_niacini,0.122821483
1273,130,Clostridium_fungisolvens,19.85607622
1274,131,Pseudomonas_phenolilytica,0.065683384
1275,131,Mariniplasma_anaerobium,29.2057964
1276,131,Mariniphaga_anaerophila,2.588100458
1277,131,Methanosarcina_acetivorans,2.123667021
1278,131,Methanobacterium_formicicum,3.775236881
1279,131,Dielma_fastidiosa,1.094085029
1280,131,Tepidimonas_charontis,18.46895139
1281,131,Gudongella_oleilytica,4.529412333
1282,131,Dechloromonas_aromatica,0.013929255
1283,131,Longilinea_sp.,17.04216224
1284,131,Hydrogenophaga_aromaticivorans,0.000765
1285,131,Petrimonas_mucosa,1.426937489
1286,131,Neobacillus_niacini,0.114365741
1287,131,Clostridium_fungisolvens,19.55090768
1288,132,Pseudomonas_phenolilytica,0.06223775
1289,132,Mariniplasma_anaerobium,29.58790475
1290,132,Mariniphaga_anaerophila,2.482099407
1291,132,Methanosarcina_acetivorans,2.106034454
1292,132,Methanobacterium_formicicum,3.757092125
1293,132,Dielma_fastidiosa,1.058315874
1294,132,Tepidimonas_charontis,18.45607276
1295,132,Gudongella_oleilytica,4.442006209
1296,132,Dechloromonas_aromatica,0.012965366
1297,132,Longilinea_sp.,17.25747333
1298,132,Hydrogenophaga_aromaticivorans,0.00068
1299,132,Petrimonas_mucosa,1.422450808
1300,132,Neobacillus_niacini,0.106467646
1301,132,Clostridium_fungisolvens,19.24819911
1302,133,Pseudomonas_phenolilytica,0.05915686
1303,133,Mariniplasma_anaerobium,29.86029262
1304,133,Mariniphaga_anaerophila,2.38745536
1305,133,Methanosarcina_acetivorans,2.095217505
1306,133,Methanobacterium_formicicum,3.750793251
1307,133,Dielma_fastidiosa,1.026974623
1308,133,Tepidimonas_charontis,18.50265118
1309,133,Gudongella_oleilytica,4.370207636
1310,133,Dechloromonas_aromatica,0.012106602
1311,133,Longilinea_sp.,17.42706854
1312,133,Hydrogenophaga_aromaticivorans,0.000607
1313,133,Petrimonas_mucosa,1.419502008
1314,133,Neobacillus_niacini,0.099409556
1315,133,Clostridium_fungisolvens,18.98855691
1316,134,Pseudomonas_phenolilytica,0.056611398
1317,134,Mariniplasma_anaerobium,29.9182057
1318,134,Mariniphaga_anaerophila,2.311131815
1319,134,Methanosarcina_acetivorans,2.09883583
1320,134,Methanobacterium_formicicum,3.770110986
1321,134,Dielma_fastidiosa,1.003431676
1322,134,Tepidimonas_charontis,18.67898682
1323,134,Gudongella_oleilytica,4.329271313
1324,134,Dechloromonas_aromatica,0.011382619
1325,134,Longilinea_sp.,17.49134584
1326,134,Hydrogenophaga_aromaticivorans,0.000546
1327,134,Petrimonas_mucosa,1.420341543
1328,134,Neobacillus_niacini,0.093427992
1329,134,Clostridium_fungisolvens,18.8163706
1330,135,Pseudomonas_phenolilytica,0.054443711
1331,135,Mariniplasma_anaerobium,29.81363868
1332,135,Mariniphaga_anaerophila,2.247660426
1333,135,Methanosarcina_acetivorans,2.112882779
1334,135,Methanobacterium_formicicum,3.807971786
1335,135,Dielma_fastidiosa,0.98528554
1336,135,Tepidimonas_charontis,18.95409101
1337,135,Gudongella_oleilytica,4.310051581
1338,135,Dechloromonas_aromatica,0.010754921
1339,135,Longilinea_sp.,17.48140696
1340,135,Hydrogenophaga_aromaticivorans,0.000493
1341,135,Petrimonas_mucosa,1.424418458
1342,135,Neobacillus_niacini,0.088224175
1343,135,Clostridium_fungisolvens,18.70867695
1344,136,Pseudomonas_phenolilytica,0.052532469
1345,136,Mariniplasma_anaerobium,29.59757805
1346,136,Mariniphaga_anaerophila,2.192788574
1347,136,Methanosarcina_acetivorans,2.134070339
1348,136,Methanobacterium_formicicum,3.858531168
1349,136,Dielma_fastidiosa,0.970680442
1350,136,Tepidimonas_charontis,19.30109294
1351,136,Gudongella_oleilytica,4.305165983
1352,136,Dechloromonas_aromatica,0.010195499
1353,136,Longilinea_sp.,17.41881703
1354,136,Hydrogenophaga_aromaticivorans,0.000447
1355,136,Petrimonas_mucosa,1.430629049
1356,136,Neobacillus_niacini,0.083565503
1357,136,Clostridium_fungisolvens,18.64390618
1358,137,Pseudomonas_phenolilytica,0.050793245
1359,137,Mariniplasma_anaerobium,29.30847538
1360,137,Mariniphaga_anaerophila,2.143438195
1361,137,Methanosarcina_acetivorans,2.159806173
1362,137,Methanobacterium_formicicum,3.917543484
1363,137,Dielma_fastidiosa,0.958282842
1364,137,Tepidimonas_charontis,19.69948895
1365,137,Gudongella_oleilytica,4.309246711
1366,137,Dechloromonas_aromatica,0.009685182
1367,137,Longilinea_sp.,17.32219867
1368,137,Hydrogenophaga_aromaticivorans,0.000406
1369,137,Petrimonas_mucosa,1.437874828
1370,137,Neobacillus_niacini,0.079299598
1371,137,Clostridium_fungisolvens,18.60346103
1372,138,Pseudomonas_phenolilytica,0.049169186
1373,138,Mariniplasma_anaerobium,28.96972676
1374,138,Mariniphaga_anaerophila,2.097505277
1375,138,Methanosarcina_acetivorans,2.188553722
1376,138,Methanobacterium_formicicum,3.983607852
1377,138,Dielma_fastidiosa,0.947176813
1378,138,Tepidimonas_charontis,20.1378323
1379,138,Gudongella_oleilytica,4.319220192
1380,138,Dechloromonas_aromatica,0.009211196
1381,138,Longilinea_sp.,17.20244242
1382,138,Hydrogenophaga_aromaticivorans,0.000369
1383,138,Petrimonas_mucosa,1.445601452
1384,138,Neobacillus_niacini,0.07532695
1385,138,Clostridium_fungisolvens,18.57425702
1386,139,Pseudomonas_phenolilytica,0.047634459
1387,139,Mariniplasma_anaerobium,28.5917434
1388,139,Mariniphaga_anaerophila,2.054070349
1389,139,Methanosarcina_acetivorans,2.219487677
1390,139,Methanobacterium_formicicum,4.054911149
1391,139,Dielma_fastidiosa,0.936956747
1392,139,Tepidimonas_charontis,20.61173494
1393,139,Gudongella_oleilytica,4.333645926
1394,139,Dechloromonas_aromatica,0.008767291
1395,139,Longilinea_sp.,17.06396899
1396,139,Hydrogenophaga_aromaticivorans,0.000336
1397,139,Petrimonas_mucosa,1.453632638
1398,139,Neobacillus_niacini,0.071599713
1399,139,Clostridium_fungisolvens,18.55151111
1400,140,Pseudomonas_phenolilytica,0.046172393
1401,140,Mariniplasma_anaerobium,28.18303475
1402,140,Mariniphaga_anaerophila,2.012551492
1403,140,Methanosarcina_acetivorans,2.252117842
1404,140,Methanobacterium_formicicum,4.130420928
1405,140,Dielma_fastidiosa,0.92736384
1406,140,Tepidimonas_charontis,21.11777928
1407,140,Gudongella_oleilytica,4.351521951
1408,140,Dechloromonas_aromatica,0.008349255
1409,140,Longilinea_sp.,16.91033678
1410,140,Hydrogenophaga_aromaticivorans,0.000306
1411,140,Petrimonas_mucosa,1.459445496
1412,140,Neobacillus_niacini,0.068089999
1413,140,Clostridium_fungisolvens,18.53251049
1414,141,Pseudomonas_phenolilytica,0.044769567
1415,141,Mariniplasma_anaerobium,27.75070103
1416,141,Mariniphaga_anaerophila,1.972596025
1417,141,Methanosarcina_acetivorans,2.286181037
1418,141,Methanobacterium_formicicum,4.209531739
1419,141,Dielma_fastidiosa,0.918235752
1420,141,Tepidimonas_charontis,21.65134351
1421,141,Gudongella_oleilytica,4.372130861
1422,141,Dechloromonas_aromatica,0.007954185
1423,141,Longilinea_sp.,16.7444586
1424,141,Hydrogenophaga_aromaticivorans,0.000278
1425,141,Petrimonas_mucosa,1.461457829
1426,141,Neobacillus_niacini,0.064772302
1427,141,Clostridium_fungisolvens,18.51558932
1428,142,Pseudomonas_phenolilytica,0.043422899
1429,142,Mariniplasma_anaerobium,27.29979566
1430,142,Mariniphaga_anaerophila,1.933916475
1431,142,Methanosarcina_acetivorans,2.321431664
1432,142,Methanobacterium_formicicum,4.291554767
1433,142,Dielma_fastidiosa,0.909439562
1434,142,Tepidimonas_charontis,22.20807849
1435,142,Gudongella_oleilytica,4.394776663
1436,142,Dechloromonas_aromatica,0.007579713
1437,142,Longilinea_sp.,16.56817812
1438,142,Hydrogenophaga_aromaticivorans,0.000253
1439,142,Petrimonas_mucosa,1.460256674
1440,142,Neobacillus_niacini,0.061622519
1441,142,Clostridium_fungisolvens,18.49969334
1442,143,Pseudomonas_phenolilytica,0.042123302
1443,143,Mariniplasma_anaerobium,26.83436042
1444,143,Mariniphaga_anaerophila,1.896305429
1445,143,Methanosarcina_acetivorans,2.357654856
1446,143,Methanobacterium_formicicum,4.375827777
1447,143,Dielma_fastidiosa,0.900879256
1448,143,Tepidimonas_charontis,22.78439052
1449,143,Gudongella_oleilytica,4.41889039
1450,143,Dechloromonas_aromatica,0.007223996
1451,143,Longilinea_sp.,16.38299778
1452,143,Hydrogenophaga_aromaticivorans,0.000231
1453,143,Petrimonas_mucosa,1.456353762
1454,143,Neobacillus_niacini,0.058631249
1455,143,Clostridium_fungisolvens,18.48413035
1456,144,Pseudomonas_phenolilytica,0.040866125
1457,144,Mariniplasma_anaerobium,26.35766383
1458,144,Mariniphaga_anaerophila,1.859597035
1459,144,Methanosarcina_acetivorans,2.394667179
1460,144,Methanobacterium_formicicum,4.461736867
1461,144,Dielma_fastidiosa,0.892485843
1462,144,Tepidimonas_charontis,23.37729322
1463,144,Gudongella_oleilytica,4.444006037
1464,144,Dechloromonas_aromatica,0.006885568
1465,144,Longilinea_sp.,16.19015152
1466,144,Hydrogenophaga_aromaticivorans,0.00021
1467,144,Petrimonas_mucosa,1.45019131
1468,144,Neobacillus_niacini,0.055784032
1469,144,Clostridium_fungisolvens,18.46846104
1470,145,Pseudomonas_phenolilytica,0.039647914
1471,145,Mariniplasma_anaerobium,25.87238182
1472,145,Mariniphaga_anaerophila,1.823597738
1473,145,Methanosarcina_acetivorans,2.43231543
1474,145,Methanobacterium_formicicum,4.548725567
1475,145,Dielma_fastidiosa,0.884210604
1476,145,Tepidimonas_charontis,23.98430095
1477,145,Gudongella_oleilytica,4.4697433
1478,145,Dechloromonas_aromatica,0.006563233
1479,145,Longilinea_sp.,15.99067283
1480,145,Hydrogenophaga_aromaticivorans,0.000192
1481,145,Petrimonas_mucosa,1.44214955
1482,145,Neobacillus_niacini,0.053068902
1483,145,Clostridium_fungisolvens,18.45243045
1484,146,Pseudomonas_phenolilytica,0.038466
1485,146,Mariniplasma_anaerobium,25.38068281
1486,146,Mariniphaga_anaerophila,1.788245453
1487,146,Methanosarcina_acetivorans,2.470468348
1488,146,Methanobacterium_formicicum,4.636289174
1489,146,Dielma_fastidiosa,0.876018128
1490,146,Tepidimonas_charontis,24.60329184
1491,146,Gudongella_oleilytica,4.49578211
1492,146,Dechloromonas_aromatica,0.006255984
1493,146,Longilinea_sp.,15.78541125
1494,146,Hydrogenophaga_aromaticivorans,0.000175
1495,146,Petrimonas_mucosa,1.432552785
1496,146,Neobacillus_niacini,0.050481608
1497,146,Clostridium_fungisolvens,18.43587984
1498,147,Pseudomonas_phenolilytica,0.037333779
1499,147,Mariniplasma_anaerobium,24.8843628
1500,147,Mariniphaga_anaerophila,1.753475772
1501,147,Methanosarcina_acetivorans,2.50901652
1502,147,Methanobacterium_formicicum,4.723962919
1503,147,Dielma_fastidiosa,0.867883888
1504,147,Tepidimonas_charontis,25.23247313
1505,147,Gudongella_oleilytica,4.521856193
1506,147,Dechloromonas_aromatica,0.005962961
1507,147,Longilinea_sp.,15.57508039
1508,147,Hydrogenophaga_aromaticivorans,0.000159
1509,147,Petrimonas_mucosa,1.421677993
1510,147,Neobacillus_niacini,0.048019064
1511,147,Clostridium_fungisolvens,18.41873543
1512,148,Pseudomonas_phenolilytica,0.036234211
1513,148,Mariniplasma_anaerobium,24.38491718
1514,148,Mariniphaga_anaerophila,1.719255975
1515,148,Methanosarcina_acetivorans,2.547870066
1516,148,Methanobacterium_formicicum,4.811335286
1517,148,Dielma_fastidiosa,0.859791769
1518,148,Tepidimonas_charontis,25.87033845
1519,148,Gudongella_oleilytica,4.547749841
1520,148,Dechloromonas_aromatica,0.005683412
1521,148,Longilinea_sp.,15.36027862
1522,148,Hydrogenophaga_aromaticivorans,0.000145
1523,148,Petrimonas_mucosa,1.409756419
1524,148,Neobacillus_niacini,0.04566226
1525,148,Clostridium_fungisolvens,18.4009815
1526,149,Pseudomonas_phenolilytica,0.035161205
1527,149,Mariniplasma_anaerobium,23.8835976
1528,149,Mariniphaga_anaerophila,1.68556884
1529,149,Methanosarcina_acetivorans,2.586955007
1530,149,Methanobacterium_formicicum,4.898035262
1531,149,Dielma_fastidiosa,0.851724761
1532,149,Tepidimonas_charontis,26.51556756
1533,149,Gudongella_oleilytica,4.573279571
1534,149,Dechloromonas_aromatica,0.005416666
1535,149,Longilinea_sp.,15.14152729
1536,149,Hydrogenophaga_aromaticivorans,0.000132
1537,149,Petrimonas_mucosa,1.396989017
1538,149,Neobacillus_niacini,0.043411071
1539,149,Clostridium_fungisolvens,18.38263404
1540,150,Pseudomonas_phenolilytica,0.034106507
1541,150,Mariniplasma_anaerobium,23.38147931
1542,150,Mariniphaga_anaerophila,1.652406243
1543,150,Methanosarcina_acetivorans,2.626206035
1544,150,Methanobacterium_formicicum,4.98371754
1545,150,Dielma_fastidiosa,0.843674352
1546,150,Tepidimonas_charontis,27.16695355
1547,150,Gudongella_oleilytica,4.59814299
1548,150,Dechloromonas_aromatica,0.005162103
1549,150,Longilinea_sp.,14.91917806
1550,150,Hydrogenophaga_aromaticivorans,0.00012
1551,150,Petrimonas_mucosa,1.383675531
1552,150,Neobacillus_niacini,0.041259683
1553,150,Clostridium_fungisolvens,18.36391774
1554,151,Pseudomonas_phenolilytica,0.033081125
1555,151,Mariniplasma_anaerobium,22.87948172
1556,151,Mariniphaga_anaerophila,1.619763965
1557,151,Methanosarcina_acetivorans,2.665555713
1558,151,Methanobacterium_formicicum,5.068068431
1559,151,Dielma_fastidiosa,0.835636725
1560,151,Tepidimonas_charontis,27.82341985
1561,151,Gudongella_oleilytica,4.622079639
1562,151,Dechloromonas_aromatica,0.004919159
1563,151,Longilinea_sp.,14.69356434
1564,151,Hydrogenophaga_aromaticivorans,0.00011
1565,151,Petrimonas_mucosa,1.3700824
1566,151,Neobacillus_niacini,0.039213075
1567,151,Clostridium_fungisolvens,18.34502421
1568,152,Pseudomonas_phenolilytica,0.032091117
1569,152,Mariniplasma_anaerobium,22.37847278
1570,152,Mariniphaga_anaerophila,1.587638641
1571,152,Methanosarcina_acetivorans,2.704961139
1572,152,Methanobacterium_formicicum,5.15078929
1573,152,Dielma_fastidiosa,0.827610668
1574,152,Tepidimonas_charontis,28.48404195
1575,152,Gudongella_oleilytica,4.6449327
1576,152,Dechloromonas_aromatica,0.004687308
1577,152,Longilinea_sp.,14.46506183
1578,152,Hydrogenophaga_aromaticivorans,9.99e-05
1579,152,Petrimonas_mucosa,1.356321418
1580,152,Neobacillus_niacini,0.037260433
1581,152,Clostridium_fungisolvens,18.32603085
1582,153,Pseudomonas_phenolilytica,0.031128157
1583,153,Mariniplasma_anaerobium,21.87921874
1584,153,Mariniphaga_anaerophila,1.556020582
1585,153,Methanosarcina_acetivorans,2.744387258
1586,153,Methanobacterium_formicicum,5.231604548
1587,153,Dielma_fastidiosa,0.819592976
1588,153,Tepidimonas_charontis,29.14806983
1589,153,Gudongella_oleilytica,4.666606331
1590,153,Dechloromonas_aromatica,0.004466038
1591,153,Longilinea_sp.,14.23406161
1592,153,Hydrogenophaga_aromaticivorans,9.1e-05
1593,153,Petrimonas_mucosa,1.342477529
1594,153,Neobacillus_niacini,0.035402765
1595,153,Clostridium_fungisolvens,18.30687268
1596,154,Pseudomonas_phenolilytica,0.030189244
1597,154,Mariniplasma_anaerobium,21.38272608
1598,154,Mariniphaga_anaerophila,1.524843999
1599,154,Methanosarcina_acetivorans,2.783802993
1600,154,Methanobacterium_formicicum,5.310564296
1601,154,Dielma_fastidiosa,0.811551994
1602,154,Tepidimonas_charontis,29.81489003
1603,154,Gudongella_oleilytica,4.687024752
1604,154,Dechloromonas_aromatica,0.004254707
1605,154,Longilinea_sp.,14.00109902
1606,154,Hydrogenophaga_aromaticivorans,8.28e-05
1607,154,Petrimonas_mucosa,1.328606982
1608,154,Neobacillus_niacini,0.033633602
1609,154,Clostridium_fungisolvens,18.28672947
1610,155,Pseudomonas_phenolilytica,0.029274581
1611,155,Mariniplasma_anaerobium,20.89074261
1612,155,Mariniphaga_anaerophila,1.494083396
1613,155,Methanosarcina_acetivorans,2.823258124
1614,155,Methanobacterium_formicicum,5.387972006
1615,155,Dielma_fastidiosa,0.80347282
1616,155,Tepidimonas_charontis,30.48174068
1617,155,Gudongella_oleilytica,4.706332098
1618,155,Dechloromonas_aromatica,0.00405281
1619,155,Longilinea_sp.,13.76721821
1620,155,Hydrogenophaga_aromaticivorans,7.54e-05
1621,155,Petrimonas_mucosa,1.314696095
1622,155,Neobacillus_niacini,0.031948676
1623,155,Clostridium_fungisolvens,18.26513246
1624,156,Pseudomonas_phenolilytica,0.028381125
1625,156,Mariniplasma_anaerobium,20.40413002
1626,156,Mariniphaga_anaerophila,1.46366892
1627,156,Methanosarcina_acetivorans,2.862659003
1628,156,Methanobacterium_formicicum,5.463719888
1629,156,Dielma_fastidiosa,0.795321224
1630,156,Tepidimonas_charontis,31.14866135
1631,156,Gudongella_oleilytica,4.724449136
1632,156,Dechloromonas_aromatica,0.00385977
1633,156,Longilinea_sp.,13.53293334
1634,156,Hydrogenophaga_aromaticivorans,6.87e-05
1635,156,Petrimonas_mucosa,1.300687146
1636,156,Neobacillus_niacini,0.030342393
1637,156,Clostridium_fungisolvens,18.24111802
1638,157,Pseudomonas_phenolilytica,0.027505759
1639,157,Mariniplasma_anaerobium,19.92333852
1640,157,Mariniphaga_anaerophila,1.433570774
1641,157,Methanosarcina_acetivorans,2.901959399
1642,157,Methanobacterium_formicicum,5.537721281
1643,157,Dielma_fastidiosa,0.787085914
1644,157,Tepidimonas_charontis,31.8155867
1645,157,Gudongella_oleilytica,4.741333704
1646,157,Dechloromonas_aromatica,0.003675163
1647,157,Longilinea_sp.,13.29853604
1648,157,Hydrogenophaga_aromaticivorans,6.25e-05
1649,157,Petrimonas_mucosa,1.286560841
1650,157,Neobacillus_niacini,0.028810817
1651,157,Clostridium_fungisolvens,18.21425257
1652,158,Pseudomonas_phenolilytica,0.026651545
1653,158,Mariniplasma_anaerobium,19.44870557
1654,158,Mariniphaga_anaerophila,1.403771672
1655,158,Methanosarcina_acetivorans,2.941122424
1656,158,Methanobacterium_formicicum,5.609848484
1657,158,Dielma_fastidiosa,0.77876212
1658,158,Tepidimonas_charontis,32.48245009
1659,158,Gudongella_oleilytica,4.756956232
1660,158,Dechloromonas_aromatica,0.003498618
1661,158,Longilinea_sp.,13.06426492
1662,158,Hydrogenophaga_aromaticivorans,5.69e-05
1663,158,Petrimonas_mucosa,1.272308843
1664,158,Neobacillus_niacini,0.027350312
1665,158,Clostridium_fungisolvens,18.18425229
1666,159,Pseudomonas_phenolilytica,0.025818224
1667,159,Mariniplasma_anaerobium,18.98035566
1668,159,Mariniphaga_anaerophila,1.374280271
1669,159,Methanosarcina_acetivorans,2.980141946
1670,159,Methanobacterium_formicicum,5.680053615
1671,159,Dielma_fastidiosa,0.77035547
1672,159,Tepidimonas_charontis,33.14908829
1673,159,Gudongella_oleilytica,4.771304227
1674,159,Dechloromonas_aromatica,0.003329827
1675,159,Longilinea_sp.,12.83024498
1676,159,Hydrogenophaga_aromaticivorans,5.17e-05
1677,159,Petrimonas_mucosa,1.257940158
1678,159,Neobacillus_niacini,0.025957909
1679,159,Clostridium_fungisolvens,18.15107768
